serial_number,stock_code,stock_abbr,report_period,report_year,net_cash_flow,net_cash_flow_yoy_growth,operating_cf_net_amount,operating_cf_ratio_of_net_cf,operating_cf_cash_from_sales,investing_cf_net_amount,investing_cf_ratio_of_net_cf,investing_cf_cash_for_investments,investing_cf_cash_from_investment_recovery,financing_cf_cash_from_borrowing,financing_cf_cash_for_debt_repayment,financing_cf_net_amount,financing_cf_ratio_of_net_cf
1,600080,金花股份,2023FY,2023,0.0,0.0,0.0,0.0,0.0,0.0,0.0,0.0,0.0,0.0,0.0,0.0,0.0
2,600080,金花股份,2023FY,2023,27437.06,0.0,5257.9,19.1635,59862.95,22986.83,83.7802,7.5,5000.0,0.01,5000.0,-807.67,-2.9437
3,600080,金花股份,2023FY,2023,9934.3,0.0,-3876.01,-39.0164,11141.68,0.0,0.0,3700.0,4385.04,9900.0,26.3,0.0,0.0
4,600080,金花股份,2023FY,2023,0.0,0.0,-3439.13,0.0,0.0,0.0,0.0,0.0,0.0,0.0,0.0,0.0,0.0
5,600080,金花股份,2023FY,2023,3793.82,0.0,-3439.13,-90.6508,26076.05,7788.41,205.292,16600.0,5811.1,9900.0,9900.0,-555.45,-14.6409
6,600080,金花股份,2023FY,2023,690.22,0.0,-1194.93,-173.1231,40935.38,-0.01,-0.0014,16600.0,5811.1,17540.54,9900.0,-0.01,-0.0014
7,600080,金花股份,2024FY,2024,18709.41,0.0,6054.84,32.3625,57651.81,13776.09,73.6319,16600.0,13989.0,17540.54,17540.54,-1121.52,-5.9944
8,600080,金花股份,2024FY,2024,-25674.18,-237.226,-4921.28,19.1682,12058.88,0.04,-0.0002,3700.0,4385.04,20652.27,18535.31,0.04,-0.0002
9,600080,金花股份,2024FY,2024,0.0,0.0,0.0,0.0,0.0,0.0,0.0,0.0,0.0,0.0,0.0,0.0,0.0
10,600080,金花股份,2024FY,2024,-31716.65,-269.5224,-2309.94,7.2831,27037.58,-17797.8,56.115,16600.0,290.75,29823.49,25568.04,-11608.91,36.6019
11,600080,金花股份,2024FY,2024,0.0,0.0,-2309.94,0.0,0.0,0.0,0.0,0.0,0.0,0.0,0.0,0.0,0.0
12,600080,金花股份,2024FY,2024,-36311.51,-294.0815,2234.07,-6.1525,41534.55,-24629.12,67.8273,16600.0,292.16,29823.49,25568.04,-11606.52,31.9637
13,600080,金花股份,2025FY,2025,-21946.99,0.0,-12136.85,55.3007,9777.89,-13257.47,60.4068,21.28,403.37,13630.79,9139.51,3447.33,-15.7075
14,600080,金花股份,2025FY,2025,-28181.22,-28.4059,1085.87,-3.8532,0.0,-19230.36,68.2382,16600.0,13989.0,97152.56,93701.12,-10036.73,35.615
15,600080,金花股份,2025FY,2025,0.0,0.0,-4921.28,0.0,0.0,0.0,0.0,0.0,0.0,0.0,0.0,0.0,0.0
16,600080,金花股份,2025FY,2025,0.0,0.0,-8093.34,0.0,0.0,0.0,0.0,0.0,0.0,0.0,0.0,0.0,0.0
17,600080,金花股份,2025FY,2025,-19918.76,9.2415,-8093.34,40.6317,22712.56,-9293.52,46.6571,21.28,418.47,15215.88,15215.88,-2531.9,12.7111
18,600080,金花股份,2025FY,2025,-10245.32,53.3179,2321.21,-22.6563,38132.2,-5310.38,51.8323,21.28,1078.33,79713.33,76934.48,837.18,-8.1713
19,000999,华润三九,2022FY,2022,-4192.98,0.0,45914.05,-1095.0219,4462.13,-247920.03,5912.7406,4462.13,409187.06,59369.39,46218.41,-57545.27,1372.4194
20,000999,华润三九,2022FY,2022,0.0,0.0,0.0,0.0,0.0,0.0,0.0,0.0,0.0,0.0,0.0,0.0,0.0
21,000999,华润三九,2023Q1,2023,207463.27,0.0,30116.69,14.5166,585737.76,125222.16,60.3587,274.5,19991.99,76840.92,23839.38,52174.59,25.1488
22,000999,华润三九,2023Q3,2023,376419.92,81.4393,305017.51,81.0312,2014736.85,25679.48,6.822,106774.5,93637.86,329553.62,161006.14,45163.0,11.998
23,000999,华润三九,2023HY,2023,363277.3,75.1044,0.0,0.0,1332634.65,85975.61,23.6667,8274.5,36331.51,281231.44,71966.67,99538.56,27.4002
24,000999,华润三九,2023HY,2023,0.0,0.0,177192.48,0.0,0.0,0.0,0.0,0.0,0.0,0.0,0.0,0.0,0.0
25,000999,华润三九,2023FY,2023,385367.69,85.7522,419174.29,108.7726,2748566.69,-79349.8,-20.5907,318199.56,222863.58,357809.1,183629.33,45042.47,11.6882
26,000999,华润三九,2023FY,2023,0.0,0.0,419174.29,0.0,0.0,0.0,0.0,0.0,0.0,0.0,0.0,0.0,0.0
27,000999,华润三九,2024Q1,2024,50896.81,0.0,78657.82,154.5437,680020.2,-25070.34,-49.2572,101601.68,85737.08,12434.17,10575.26,-2633.37,-5.1739
28,000999,华润三九,2024Q3,2024,-81831.62,-260.7795,320426.77,-391.5684,1990001.95,-208923.84,255.3094,571242.35,419216.64,71140.43,98256.98,-193337.28,236.2623
29,000999,华润三九,2024HY,2024,-105970.89,-308.2073,236311.48,-222.9966,1385627.22,-191083.48,180.317,396601.68,233689.54,50140.01,50240.14,-151226.72,142.7059
30,000999,华润三九,2024HY,2024,0.0,0.0,0.0,0.0,0.0,0.0,0.0,0.0,0.0,0.0,0.0,0.0,0.0
31,000999,华润三九,2024FY,2024,-135393.58,-366.0158,78657.82,-58.0957,2794703.58,-113040.96,83.4906,783242.35,750826.2,100678.36,268151.41,-462860.22,341.8628
32,000999,华润三九,2024FY,2024,0.0,0.0,0.0,0.0,0.0,0.0,0.0,0.0,0.0,0.0,0.0,0.0,0.0
33,000999,华润三九,2025FY,2025,124748.81,0.0,97985.51,78.5462,734222.79,-183784.79,-147.3239,246202.09,212237.97,228202.53,14224.92,210537.5,168.7691
34,000999,华润三九,2025FY,2025,-83870.44,-167.2315,292535.98,-348.7951,2335187.18,-536497.43,639.674,757064.48,718912.05,521166.34,253380.38,160481.91,-191.345
35,000999,华润三九,2025FY,2025,-11215.23,-108.9903,286019.49,-2550.2775,1668886.89,-552719.59,4928.2947,476636.03,407355.97,399264.39,90731.36,255498.68,-2278.1404
36,000999,华润三九,2025FY,2025,0.0,0.0,286019.49,0.0,0.0,0.0,0.0,0.0,0.0,0.0,0.0,0.0,0.0
